{"cameraMode":{"drawMode":0,"name":"Shaded","section":"Shading Mode"},"sceneLighting":true,"audioPlay":false,"sceneViewState":{"showFog":true,"showMaterialUpdate":true,"showSkybox":true,"showFlares":true,"showImageEffects":true,"showParticleSystems":true},"in2DMode":false,"pivot":{"x":1.3461449146270753,"y":-1.1960816383361817,"z":3.9936325550079347},"rotation":{"x":0.2699226140975952,"y":0.001810302259400487,"z":-0.000528791337274015,"w":0.9628928303718567},"size":3.5854387283325197,"orthographic":false}